Judul Buku,Penulis,Sinopsis,Cover
Sisi Tergelap Surga,Brian Khrisna,"Jakarta kerap menjadi pelabuhan bagi mereka yang datang membawa sekoper harapan. Mereka yang siap bertaruh dengan nasibnya sendiri-sendiri. Namun, kota ini selalu mampu melumat habis harapan dan menukarnya dengan keputusasaan.

Pemulung, pengamen, pramuria yang menjajakan tubuh agar anaknya bisa makan, pemimpin-pemimpin kecil yang culas, lelaki tua di balik kostum badut ayam, pencuri motor yang ingin membeli obat untuk ibunya, remaja yang melumuri tubuh dengan cat perak, hingga mereka yang bergelut di terminal setelah terpaksa merelakan impiannya habis digerus kejinya ibu kota.

Di Jakarta, semua orang dipaksa bergelut dan bertempur demi bisa hidup dari hari ke hari. Dan di kampung inilah semua itu dimulai. Sebuah cerita tentang kehidupan orang-orang yang hidup di sisi tergelap surga kota bernama Jakarta...",sisitergelapsurga.jpg
Pergi,Tere Liye,"Sebuah kisah tentang menemukan tujuan, ke mana hendak pergi, melalui kenangan demi kenangan masa lalu, pertarungan demi pertarungan, untuk memeluk erat-erat kesedihan dan rasa sakit.

Setelah mengetahui definisi ""pulang"" dan berdamai dengan masa lalunya, Bujang kini memimpin Keluarga Tong sebagai salah satu penguasa dunia shadow economy. Namun, ketenangan tak pernah bertahan lama. Ketika sebuah proyek teknologi berharga dicuri oleh jaringan El Pacho di Meksiko, Bujang terseret ke dalam konflik yang membawanya berhadapan dengan sosok misterius yang mengetahui nama aslinya, Agam.

Di tengah persaingan antar-keluarga penguasa dunia bawah tanah dan ancaman besar dari Master Dragon, Bujang harus menelusuri kembali jejak masa lalu ayahnya, Samad. Dalam perjalanan yang penuh desingan peluru dan pertarungan di berbagai belahan dunia, Bujang tidak hanya berjuang mempertahankan Keluarga Tong, tetapi juga dipaksa menjawab pertanyaan terpenting dalam hidupnya: Ke mana ia akan pergi setelah tahu jalan untuk pulang?
",pergi.jpg
Bumi,Tere Liye,"Namaku Raib, usiaku 15 tahun, kelas sepuluh. Aku anak remaja seperti kalian, dua orang tuaku lembut dan menyenangkan, aku punya dua ekor kucing yang lucu, teman-temanku baik, dan guru-guru di sekolahku hebat.

Tidak ada yang aneh dari diriku, sama persis seperti remaja SMA pada umumnya.

Kecuali satu hal. Mengenai diriku yang bisa menghilang.

Sssttt... Jangan beri tahu siapa-siapa, ya.",bumi.jpg
Bandung Menjelang Pagi,Brian Khrisna,"Menjelang pagi, Bandung berubah menjadi kota yang tak lagi sama. Malam terasa sangat panjang dan lebih mencekam dari kelam. Para bandit, pemadat, tukang judi, bocah geng motor, begundal grafiti, semuanya berkeliaran bak tikus-tikus ketika air got meluap.   

Dipha adalah pemuda serabutan yang sudah mengenal betul sisi kelam kota ini. Apa pun ia lakukan untuk bertahan hidup. Kemampuannya untuk mengerjakan apa saja membawanya bertemu dengan Vinda, seorang gadis misterius yang ngotot minta dicarikan tempat tinggal dengan segala syarat yang tak masuk akal.

Jalan Asia Afrika, Braga, Dago, Kalipah Apo, Astana Anyar, Banceuy, Jalan ABC, dan seluruh jalan-jalan tikus di Kota Bandung menjadi saksi tumbuhnya perasaan di antara keduanya. Namun, sayangnya mereka berdua kerap lupa, bahwa sejatinya, oleh-oleh paling khas dari Kota Bandung adalah: patah hati.",bandungmenjelangpagi.jpg
Matahari,Tere Liye,"Namaku Ali, 15 tahun, kelas X. Jika saja orangtuaku mengizinkan, seharusnya aku sudah duduk di tingkat akhir fakultas fisika program doktor di universitas terbaik. Aku tidak menyukai sekolah, atau lebih tepatnya, aku bosan dengan pelajaran yang itu-itu saja.

Tapi sejak Raib dan Seli membawaku ke petualangan yang luar biasa, aku tahu, ada banyak hal misterius di dunia ini yang belum terpecahkan. Dan aku adalah tipe orang yang tidak akan berhenti sebelum menemukan jawabannya.

Kali ini, aku yang membawa mereka menjelajahi dunia paralel. Menuju Klan Matahari.

Sssttt... Jangan beri tahu siapa-siapa, ya.",matahari.jpg
